{
    "logs": [
        {
            "outputFile": "C:\\Users\\user\\AndroidStudioProjects\\mainproject\\app\\build\\intermediates\\incremental\\mergeDebugResources\\merged.dir\\values-ko\\values-ko.xml",
            "map": [
                {
                    "source": "C:\\Users\\user\\.gradle\\caches\\transforms-2\\files-2.1\\34b4ab0d8b65ac74ddd00d45b26dd963\\core-1.1.0\\res\\values-ko\\values-ko.xml",
                    "from": {
                        "startLines": "2",
                        "startColumns": "4",
                        "startOffsets": "55",
                        "endColumns": "100",
                        "endOffsets": "151"
                    },
                    "to": {
                        "startLines": "30",
                        "startColumns": "4",
                        "startOffsets": "2763",
                        "endColumns": "100",
                        "endOffsets": "2859"
                    }
                },
                {
                    "source": "C:\\Users\\user\\.gradle\\caches\\transforms-2\\files-2.1\\ef8a364a6a39421e69c96cf68eeb3e63\\appcompat-1.1.0\\res\\values-ko\\values-ko.xml",
                    "from": {
                        "startLines": "2,3,4,5,6,7,8,9,10,11,12,13,14,15,16,17,18,19,20,21,22,23,24,25,26,27,28,29",
                        "startColumns": "4,4,4,4,4,4,4,4,4,4,4,4,4,4,4,4,4,4,4,4,4,4,4,4,4,4,4,4",
                        "startOffsets": "105,202,296,397,479,577,683,763,839,930,1022,1117,1211,1312,1405,1500,1594,1685,1776,1855,1953,2047,2142,2242,2339,2439,2591,2685",
                        "endColumns": "96,93,100,81,97,105,79,75,90,91,94,93,100,92,94,93,90,90,78,97,93,94,99,96,99,151,93,77",
                        "endOffsets": "197,291,392,474,572,678,758,834,925,1017,1112,1206,1307,1400,1495,1589,1680,1771,1850,1948,2042,2137,2237,2334,2434,2586,2680,2758"
                    }
                }
            ]
        }
    ]
}