{
    "logs": [
        {
            "outputFile": "C:\\Users\\user\\AndroidStudioProjects\\mainproject\\app\\build\\intermediates\\incremental\\mergeDebugResources\\merged.dir\\values-sw\\values-sw.xml",
            "map": [
                {
                    "source": "C:\\Users\\user\\.gradle\\caches\\transforms-2\\files-2.1\\ef8a364a6a39421e69c96cf68eeb3e63\\appcompat-1.1.0\\res\\values-sw\\values-sw.xml",
                    "from": {
                        "startLines": "2,3,4,5,6,7,8,9,10,11,12,13,14,15,16,17,18,19,20,21,22,23,24,25,26,27,28,29",
                        "startColumns": "4,4,4,4,4,4,4,4,4,4,4,4,4,4,4,4,4,4,4,4,4,4,4,4,4,4,4,4",
                        "startOffsets": "105,208,307,415,505,610,727,810,893,984,1076,1171,1265,1366,1459,1554,1648,1739,1830,1911,2012,2120,2219,2326,2438,2542,2704,2801",
                        "endColumns": "102,98,107,89,104,116,82,82,90,91,94,93,100,92,94,93,90,90,80,100,107,98,106,111,103,161,96,81",
                        "endOffsets": "203,302,410,500,605,722,805,888,979,1071,1166,1260,1361,1454,1549,1643,1734,1825,1906,2007,2115,2214,2321,2433,2537,2699,2796,2878"
                    }
                },
                {
                    "source": "C:\\Users\\user\\.gradle\\caches\\transforms-2\\files-2.1\\34b4ab0d8b65ac74ddd00d45b26dd963\\core-1.1.0\\res\\values-sw\\values-sw.xml",
                    "from": {
                        "startLines": "2",
                        "startColumns": "4",
                        "startOffsets": "55",
                        "endColumns": "100",
                        "endOffsets": "151"
                    },
                    "to": {
                        "startLines": "30",
                        "startColumns": "4",
                        "startOffsets": "2883",
                        "endColumns": "100",
                        "endOffsets": "2979"
                    }
                }
            ]
        }
    ]
}