{
    "logs": [
        {
            "outputFile": "C:\\Users\\user\\AndroidStudioProjects\\mainproject\\app\\build\\intermediates\\incremental\\mergeDebugResources\\merged.dir\\values-in\\values-in.xml",
            "map": [
                {
                    "source": "C:\\Users\\user\\.gradle\\caches\\transforms-2\\files-2.1\\ef8a364a6a39421e69c96cf68eeb3e63\\appcompat-1.1.0\\res\\values-in\\values-in.xml",
                    "from": {
                        "startLines": "2,3,4,5,6,7,8,9,10,11,12,13,14,15,16,17,18,19,20,21,22,23,24,25,26,27,28,29",
                        "startColumns": "4,4,4,4,4,4,4,4,4,4,4,4,4,4,4,4,4,4,4,4,4,4,4,4,4,4,4,4",
                        "startOffsets": "105,220,324,429,516,620,736,819,898,989,1081,1176,1270,1371,1464,1559,1653,1744,1835,1920,2023,2128,2229,2333,2442,2550,2710,2809",
                        "endColumns": "114,103,104,86,103,115,82,78,90,91,94,93,100,92,94,93,90,90,84,102,104,100,103,108,107,159,98,83",
                        "endOffsets": "215,319,424,511,615,731,814,893,984,1076,1171,1265,1366,1459,1554,1648,1739,1830,1915,2018,2123,2224,2328,2437,2545,2705,2804,2888"
                    }
                },
                {
                    "source": "C:\\Users\\user\\.gradle\\caches\\transforms-2\\files-2.1\\34b4ab0d8b65ac74ddd00d45b26dd963\\core-1.1.0\\res\\values-in\\values-in.xml",
                    "from": {
                        "startLines": "2",
                        "startColumns": "4",
                        "startOffsets": "55",
                        "endColumns": "100",
                        "endOffsets": "151"
                    },
                    "to": {
                        "startLines": "30",
                        "startColumns": "4",
                        "startOffsets": "2893",
                        "endColumns": "100",
                        "endOffsets": "2989"
                    }
                }
            ]
        }
    ]
}