{
    "logs": [
        {
            "outputFile": "C:\\Users\\user\\AndroidStudioProjects\\mainproject\\app\\build\\intermediates\\incremental\\mergeDebugResources\\merged.dir\\values-lo\\values-lo.xml",
            "map": [
                {
                    "source": "C:\\Users\\user\\.gradle\\caches\\transforms-2\\files-2.1\\34b4ab0d8b65ac74ddd00d45b26dd963\\core-1.1.0\\res\\values-lo\\values-lo.xml",
                    "from": {
                        "startLines": "2",
                        "startColumns": "4",
                        "startOffsets": "55",
                        "endColumns": "100",
                        "endOffsets": "151"
                    },
                    "to": {
                        "startLines": "30",
                        "startColumns": "4",
                        "startOffsets": "2853",
                        "endColumns": "100",
                        "endOffsets": "2949"
                    }
                },
                {
                    "source": "C:\\Users\\user\\.gradle\\caches\\transforms-2\\files-2.1\\ef8a364a6a39421e69c96cf68eeb3e63\\appcompat-1.1.0\\res\\values-lo\\values-lo.xml",
                    "from": {
                        "startLines": "2,3,4,5,6,7,8,9,10,11,12,13,14,15,16,17,18,19,20,21,22,23,24,25,26,27,28,29",
                        "startColumns": "4,4,4,4,4,4,4,4,4,4,4,4,4,4,4,4,4,4,4,4,4,4,4,4,4,4,4,4",
                        "startOffsets": "105,208,311,424,509,613,724,802,880,971,1063,1155,1249,1350,1443,1538,1634,1725,1816,1896,2003,2107,2205,2308,2412,2516,2673,2772",
                        "endColumns": "102,102,112,84,103,110,77,77,90,91,91,93,100,92,94,95,90,90,79,106,103,97,102,103,103,156,98,80",
                        "endOffsets": "203,306,419,504,608,719,797,875,966,1058,1150,1244,1345,1438,1533,1629,1720,1811,1891,1998,2102,2200,2303,2407,2511,2668,2767,2848"
                    }
                }
            ]
        }
    ]
}