{
    "logs": [
        {
            "outputFile": "C:\\Users\\user\\AndroidStudioProjects\\mainproject\\app\\build\\intermediates\\incremental\\mergeDebugResources\\merged.dir\\values-kk\\values-kk.xml",
            "map": [
                {
                    "source": "C:\\Users\\user\\.gradle\\caches\\transforms-2\\files-2.1\\34b4ab0d8b65ac74ddd00d45b26dd963\\core-1.1.0\\res\\values-kk\\values-kk.xml",
                    "from": {
                        "startLines": "2",
                        "startColumns": "4",
                        "startOffsets": "55",
                        "endColumns": "100",
                        "endOffsets": "151"
                    },
                    "to": {
                        "startLines": "30",
                        "startColumns": "4",
                        "startOffsets": "2877",
                        "endColumns": "100",
                        "endOffsets": "2973"
                    }
                },
                {
                    "source": "C:\\Users\\user\\.gradle\\caches\\transforms-2\\files-2.1\\ef8a364a6a39421e69c96cf68eeb3e63\\appcompat-1.1.0\\res\\values-kk\\values-kk.xml",
                    "from": {
                        "startLines": "2,3,4,5,6,7,8,9,10,11,12,13,14,15,16,17,18,19,20,21,22,23,24,25,26,27,28,29",
                        "startColumns": "4,4,4,4,4,4,4,4,4,4,4,4,4,4,4,4,4,4,4,4,4,4,4,4,4,4,4,4",
                        "startOffsets": "105,213,318,428,513,619,738,818,896,987,1079,1174,1268,1369,1462,1557,1654,1745,1836,1916,2021,2124,2222,2329,2435,2535,2701,2796",
                        "endColumns": "107,104,109,84,105,118,79,77,90,91,94,93,100,92,94,96,90,90,79,104,102,97,106,105,99,165,94,80",
                        "endOffsets": "208,313,423,508,614,733,813,891,982,1074,1169,1263,1364,1457,1552,1649,1740,1831,1911,2016,2119,2217,2324,2430,2530,2696,2791,2872"
                    }
                }
            ]
        }
    ]
}