{
    "logs": [
        {
            "outputFile": "C:\\Users\\user\\AndroidStudioProjects\\mainproject\\app\\build\\intermediates\\incremental\\mergeDebugResources\\merged.dir\\values-zh-rCN\\values-zh-rCN.xml",
            "map": [
                {
                    "source": "C:\\Users\\user\\.gradle\\caches\\transforms-2\\files-2.1\\ef8a364a6a39421e69c96cf68eeb3e63\\appcompat-1.1.0\\res\\values-zh-rCN\\values-zh-rCN.xml",
                    "from": {
                        "startLines": "2,3,4,5,6,7,8,9,10,11,12,13,14,15,16,17,18,19,20,21,22,23,24,25,26,27,28,29",
                        "startColumns": "4,4,4,4,4,4,4,4,4,4,4,4,4,4,4,4,4,4,4,4,4,4,4,4,4,4,4,4",
                        "startOffsets": "105,200,295,395,477,574,680,757,833,924,1016,1113,1209,1304,1397,1492,1584,1675,1766,1843,1939,2034,2129,2226,2322,2420,2568,2662",
                        "endColumns": "94,94,99,81,96,105,76,75,90,91,96,95,94,92,94,91,90,90,76,95,94,94,96,95,97,147,93,77",
                        "endOffsets": "195,290,390,472,569,675,752,828,919,1011,1108,1204,1299,1392,1487,1579,1670,1761,1838,1934,2029,2124,2221,2317,2415,2563,2657,2735"
                    }
                },
                {
                    "source": "C:\\Users\\user\\.gradle\\caches\\transforms-2\\files-2.1\\34b4ab0d8b65ac74ddd00d45b26dd963\\core-1.1.0\\res\\values-zh-rCN\\values-zh-rCN.xml",
                    "from": {
                        "startLines": "2",
                        "startColumns": "4",
                        "startOffsets": "55",
                        "endColumns": "100",
                        "endOffsets": "151"
                    },
                    "to": {
                        "startLines": "30",
                        "startColumns": "4",
                        "startOffsets": "2740",
                        "endColumns": "100",
                        "endOffsets": "2836"
                    }
                }
            ]
        }
    ]
}