{
    "logs": [
        {
            "outputFile": "C:\\Users\\user\\AndroidStudioProjects\\mainproject\\app\\build\\intermediates\\incremental\\mergeDebugResources\\merged.dir\\values-vi\\values-vi.xml",
            "map": [
                {
                    "source": "C:\\Users\\user\\.gradle\\caches\\transforms-2\\files-2.1\\ef8a364a6a39421e69c96cf68eeb3e63\\appcompat-1.1.0\\res\\values-vi\\values-vi.xml",
                    "from": {
                        "startLines": "2,3,4,5,6,7,8,9,10,11,12,13,14,15,16,17,18,19,20,21,22,23,24,25,26,27,28,29",
                        "startColumns": "4,4,4,4,4,4,4,4,4,4,4,4,4,4,4,4,4,4,4,4,4,4,4,4,4,4,4,4",
                        "startOffsets": "105,212,314,423,507,610,729,807,884,975,1067,1162,1256,1357,1450,1545,1639,1730,1821,1904,2008,2116,2217,2322,2437,2542,2699,2798",
                        "endColumns": "106,101,108,83,102,118,77,76,90,91,94,93,100,92,94,93,90,90,82,103,107,100,104,114,104,156,98,83",
                        "endOffsets": "207,309,418,502,605,724,802,879,970,1062,1157,1251,1352,1445,1540,1634,1725,1816,1899,2003,2111,2212,2317,2432,2537,2694,2793,2877"
                    }
                },
                {
                    "source": "C:\\Users\\user\\.gradle\\caches\\transforms-2\\files-2.1\\34b4ab0d8b65ac74ddd00d45b26dd963\\core-1.1.0\\res\\values-vi\\values-vi.xml",
                    "from": {
                        "startLines": "2",
                        "startColumns": "4",
                        "startOffsets": "55",
                        "endColumns": "100",
                        "endOffsets": "151"
                    },
                    "to": {
                        "startLines": "30",
                        "startColumns": "4",
                        "startOffsets": "2882",
                        "endColumns": "100",
                        "endOffsets": "2978"
                    }
                }
            ]
        }
    ]
}