{
    "logs": [
        {
            "outputFile": "C:\\Users\\user\\AndroidStudioProjects\\mainproject\\app\\build\\intermediates\\incremental\\mergeDebugResources\\merged.dir\\values-de\\values-de.xml",
            "map": [
                {
                    "source": "C:\\Users\\user\\.gradle\\caches\\transforms-2\\files-2.1\\34b4ab0d8b65ac74ddd00d45b26dd963\\core-1.1.0\\res\\values-de\\values-de.xml",
                    "from": {
                        "startLines": "2",
                        "startColumns": "4",
                        "startOffsets": "55",
                        "endColumns": "100",
                        "endOffsets": "151"
                    },
                    "to": {
                        "startLines": "30",
                        "startColumns": "4",
                        "startOffsets": "2913",
                        "endColumns": "100",
                        "endOffsets": "3009"
                    }
                },
                {
                    "source": "C:\\Users\\user\\.gradle\\caches\\transforms-2\\files-2.1\\ef8a364a6a39421e69c96cf68eeb3e63\\appcompat-1.1.0\\res\\values-de\\values-de.xml",
                    "from": {
                        "startLines": "2,3,4,5,6,7,8,9,10,11,12,13,14,15,16,17,18,19,20,21,22,23,24,25,26,27,28,29",
                        "startColumns": "4,4,4,4,4,4,4,4,4,4,4,4,4,4,4,4,4,4,4,4,4,4,4,4,4,4,4,4",
                        "startOffsets": "105,210,308,420,506,612,727,805,881,973,1066,1162,1263,1371,1471,1575,1673,1771,1868,1949,2060,2162,2260,2367,2470,2574,2730,2832",
                        "endColumns": "104,97,111,85,105,114,77,75,91,92,95,100,107,99,103,97,97,96,80,110,101,97,106,102,103,155,101,80",
                        "endOffsets": "205,303,415,501,607,722,800,876,968,1061,1157,1258,1366,1466,1570,1668,1766,1863,1944,2055,2157,2255,2362,2465,2569,2725,2827,2908"
                    }
                }
            ]
        }
    ]
}