{
    "logs": [
        {
            "outputFile": "C:\\Users\\user\\AndroidStudioProjects\\mainproject\\app\\build\\intermediates\\incremental\\mergeDebugResources\\merged.dir\\values-as\\values-as.xml",
            "map": [
                {
                    "source": "C:\\Users\\user\\.gradle\\caches\\transforms-2\\files-2.1\\ef8a364a6a39421e69c96cf68eeb3e63\\appcompat-1.1.0\\res\\values-as\\values-as.xml",
                    "from": {
                        "startLines": "2,3,4,5,6,7,8,9,10,11,12,13,14,15,16,17,18,19,20,21,22,23,24,25,26,27,28,29",
                        "startColumns": "4,4,4,4,4,4,4,4,4,4,4,4,4,4,4,4,4,4,4,4,4,4,4,4,4,4,4,4",
                        "startOffsets": "105,213,312,419,510,612,732,809,885,976,1068,1163,1257,1358,1451,1546,1640,1731,1822,1907,2020,2128,2227,2336,2452,2572,2739,2841",
                        "endColumns": "107,98,106,90,101,119,76,75,90,91,94,93,100,92,94,93,90,90,84,112,107,98,108,115,119,166,101,81",
                        "endOffsets": "208,307,414,505,607,727,804,880,971,1063,1158,1252,1353,1446,1541,1635,1726,1817,1902,2015,2123,2222,2331,2447,2567,2734,2836,2918"
                    }
                },
                {
                    "source": "C:\\Users\\user\\.gradle\\caches\\transforms-2\\files-2.1\\34b4ab0d8b65ac74ddd00d45b26dd963\\core-1.1.0\\res\\values-as\\values-as.xml",
                    "from": {
                        "startLines": "2",
                        "startColumns": "4",
                        "startOffsets": "55",
                        "endColumns": "100",
                        "endOffsets": "151"
                    },
                    "to": {
                        "startLines": "30",
                        "startColumns": "4",
                        "startOffsets": "2923",
                        "endColumns": "100",
                        "endOffsets": "3019"
                    }
                }
            ]
        }
    ]
}