{
    "logs": [
        {
            "outputFile": "C:\\Users\\user\\AndroidStudioProjects\\mainproject\\app\\build\\intermediates\\incremental\\mergeDebugResources\\merged.dir\\values-ru\\values-ru.xml",
            "map": [
                {
                    "source": "C:\\Users\\user\\.gradle\\caches\\transforms-2\\files-2.1\\ef8a364a6a39421e69c96cf68eeb3e63\\appcompat-1.1.0\\res\\values-ru\\values-ru.xml",
                    "from": {
                        "startLines": "2,3,4,5,6,7,8,9,10,11,12,13,14,15,16,17,18,19,20,21,22,23,24,25,26,27,28,29",
                        "startColumns": "4,4,4,4,4,4,4,4,4,4,4,4,4,4,4,4,4,4,4,4,4,4,4,4,4,4,4,4",
                        "startOffsets": "105,220,322,421,507,612,733,812,889,981,1074,1169,1262,1358,1452,1548,1643,1735,1827,1915,2021,2128,2226,2335,2442,2556,2722,2822",
                        "endColumns": "114,101,98,85,104,120,78,76,91,92,94,92,95,93,95,94,91,91,87,105,106,97,108,106,113,165,99,80",
                        "endOffsets": "215,317,416,502,607,728,807,884,976,1069,1164,1257,1353,1447,1543,1638,1730,1822,1910,2016,2123,2221,2330,2437,2551,2717,2817,2898"
                    }
                },
                {
                    "source": "C:\\Users\\user\\.gradle\\caches\\transforms-2\\files-2.1\\34b4ab0d8b65ac74ddd00d45b26dd963\\core-1.1.0\\res\\values-ru\\values-ru.xml",
                    "from": {
                        "startLines": "2",
                        "startColumns": "4",
                        "startOffsets": "55",
                        "endColumns": "100",
                        "endOffsets": "151"
                    },
                    "to": {
                        "startLines": "30",
                        "startColumns": "4",
                        "startOffsets": "2903",
                        "endColumns": "100",
                        "endOffsets": "2999"
                    }
                }
            ]
        }
    ]
}