{
    "logs": [
        {
            "outputFile": "C:\\Users\\user\\AndroidStudioProjects\\mainproject\\app\\build\\intermediates\\incremental\\mergeDebugResources\\merged.dir\\values-fr\\values-fr.xml",
            "map": [
                {
                    "source": "C:\\Users\\user\\.gradle\\caches\\transforms-2\\files-2.1\\ef8a364a6a39421e69c96cf68eeb3e63\\appcompat-1.1.0\\res\\values-fr\\values-fr.xml",
                    "from": {
                        "startLines": "2,3,4,5,6,7,8,9,10,11,12,13,14,15,16,17,18,19,20,21,22,23,24,25,26,27,28,29",
                        "startColumns": "4,4,4,4,4,4,4,4,4,4,4,4,4,4,4,4,4,4,4,4,4,4,4,4,4,4,4,4",
                        "startOffsets": "105,216,331,441,523,629,759,837,914,1005,1097,1195,1290,1391,1484,1577,1672,1763,1854,1939,2049,2160,2263,2374,2482,2589,2748,2847",
                        "endColumns": "110,114,109,81,105,129,77,76,90,91,97,94,100,92,92,94,90,90,84,109,110,102,110,107,106,158,98,85",
                        "endOffsets": "211,326,436,518,624,754,832,909,1000,1092,1190,1285,1386,1479,1572,1667,1758,1849,1934,2044,2155,2258,2369,2477,2584,2743,2842,2928"
                    }
                },
                {
                    "source": "C:\\Users\\user\\.gradle\\caches\\transforms-2\\files-2.1\\34b4ab0d8b65ac74ddd00d45b26dd963\\core-1.1.0\\res\\values-fr\\values-fr.xml",
                    "from": {
                        "startLines": "2",
                        "startColumns": "4",
                        "startOffsets": "55",
                        "endColumns": "100",
                        "endOffsets": "151"
                    },
                    "to": {
                        "startLines": "30",
                        "startColumns": "4",
                        "startOffsets": "2933",
                        "endColumns": "100",
                        "endOffsets": "3029"
                    }
                }
            ]
        }
    ]
}