{
    "logs": [
        {
            "outputFile": "C:\\Users\\user\\AndroidStudioProjects\\mainproject\\app\\build\\intermediates\\incremental\\mergeDebugResources\\merged.dir\\values-cs\\values-cs.xml",
            "map": [
                {
                    "source": "C:\\Users\\user\\.gradle\\caches\\transforms-2\\files-2.1\\34b4ab0d8b65ac74ddd00d45b26dd963\\core-1.1.0\\res\\values-cs\\values-cs.xml",
                    "from": {
                        "startLines": "2",
                        "startColumns": "4",
                        "startOffsets": "55",
                        "endColumns": "100",
                        "endOffsets": "151"
                    },
                    "to": {
                        "startLines": "30",
                        "startColumns": "4",
                        "startOffsets": "2880",
                        "endColumns": "100",
                        "endOffsets": "2976"
                    }
                },
                {
                    "source": "C:\\Users\\user\\.gradle\\caches\\transforms-2\\files-2.1\\ef8a364a6a39421e69c96cf68eeb3e63\\appcompat-1.1.0\\res\\values-cs\\values-cs.xml",
                    "from": {
                        "startLines": "2,3,4,5,6,7,8,9,10,11,12,13,14,15,16,17,18,19,20,21,22,23,24,25,26,27,28,29",
                        "startColumns": "4,4,4,4,4,4,4,4,4,4,4,4,4,4,4,4,4,4,4,4,4,4,4,4,4,4,4,4",
                        "startOffsets": "105,212,314,423,509,614,731,809,886,977,1069,1164,1258,1353,1446,1541,1638,1729,1820,1903,2007,2119,2218,2324,2435,2537,2700,2798",
                        "endColumns": "106,101,108,85,104,116,77,76,90,91,94,93,94,92,94,96,90,90,82,103,111,98,105,110,101,162,97,81",
                        "endOffsets": "207,309,418,504,609,726,804,881,972,1064,1159,1253,1348,1441,1536,1633,1724,1815,1898,2002,2114,2213,2319,2430,2532,2695,2793,2875"
                    }
                }
            ]
        }
    ]
}