{
    "logs": [
        {
            "outputFile": "C:\\Users\\user\\AndroidStudioProjects\\mainproject\\app\\build\\intermediates\\incremental\\mergeDebugResources\\merged.dir\\values-fi\\values-fi.xml",
            "map": [
                {
                    "source": "C:\\Users\\user\\.gradle\\caches\\transforms-2\\files-2.1\\ef8a364a6a39421e69c96cf68eeb3e63\\appcompat-1.1.0\\res\\values-fi\\values-fi.xml",
                    "from": {
                        "startLines": "2,3,4,5,6,7,8,9,10,11,12,13,14,15,16,17,18,19,20,21,22,23,24,25,26,27,28,29",
                        "startColumns": "4,4,4,4,4,4,4,4,4,4,4,4,4,4,4,4,4,4,4,4,4,4,4,4,4,4,4,4",
                        "startOffsets": "105,213,313,422,508,613,731,817,897,988,1080,1175,1269,1364,1457,1553,1652,1743,1837,1916,2023,2124,2221,2327,2427,2525,2675,2775",
                        "endColumns": "107,99,108,85,104,117,85,79,90,91,94,93,94,92,95,98,90,93,78,106,100,96,105,99,97,149,99,79",
                        "endOffsets": "208,308,417,503,608,726,812,892,983,1075,1170,1264,1359,1452,1548,1647,1738,1832,1911,2018,2119,2216,2322,2422,2520,2670,2770,2850"
                    }
                },
                {
                    "source": "C:\\Users\\user\\.gradle\\caches\\transforms-2\\files-2.1\\34b4ab0d8b65ac74ddd00d45b26dd963\\core-1.1.0\\res\\values-fi\\values-fi.xml",
                    "from": {
                        "startLines": "2",
                        "startColumns": "4",
                        "startOffsets": "55",
                        "endColumns": "100",
                        "endOffsets": "151"
                    },
                    "to": {
                        "startLines": "30",
                        "startColumns": "4",
                        "startOffsets": "2855",
                        "endColumns": "100",
                        "endOffsets": "2951"
                    }
                }
            ]
        }
    ]
}