{
    "logs": [
        {
            "outputFile": "C:\\Users\\user\\AndroidStudioProjects\\mainproject\\app\\build\\intermediates\\incremental\\mergeDebugResources\\merged.dir\\values-be\\values-be.xml",
            "map": [
                {
                    "source": "C:\\Users\\user\\.gradle\\caches\\transforms-2\\files-2.1\\34b4ab0d8b65ac74ddd00d45b26dd963\\core-1.1.0\\res\\values-be\\values-be.xml",
                    "from": {
                        "startLines": "2",
                        "startColumns": "4",
                        "startOffsets": "55",
                        "endColumns": "100",
                        "endOffsets": "151"
                    },
                    "to": {
                        "startLines": "30",
                        "startColumns": "4",
                        "startOffsets": "2916",
                        "endColumns": "100",
                        "endOffsets": "3012"
                    }
                },
                {
                    "source": "C:\\Users\\user\\.gradle\\caches\\transforms-2\\files-2.1\\ef8a364a6a39421e69c96cf68eeb3e63\\appcompat-1.1.0\\res\\values-be\\values-be.xml",
                    "from": {
                        "startLines": "2,3,4,5,6,7,8,9,10,11,12,13,14,15,16,17,18,19,20,21,22,23,24,25,26,27,28,29",
                        "startColumns": "4,4,4,4,4,4,4,4,4,4,4,4,4,4,4,4,4,4,4,4,4,4,4,4,4,4,4,4",
                        "startOffsets": "105,225,328,444,530,635,754,834,912,1004,1097,1192,1286,1382,1476,1572,1667,1759,1851,1931,2037,2142,2240,2348,2454,2562,2735,2835",
                        "endColumns": "119,102,115,85,104,118,79,77,91,92,94,93,95,93,95,94,91,91,79,105,104,97,107,105,107,172,99,80",
                        "endOffsets": "220,323,439,525,630,749,829,907,999,1092,1187,1281,1377,1471,1567,1662,1754,1846,1926,2032,2137,2235,2343,2449,2557,2730,2830,2911"
                    }
                }
            ]
        }
    ]
}