{
    "logs": [
        {
            "outputFile": "C:\\Users\\user\\AndroidStudioProjects\\mainproject\\app\\build\\intermediates\\incremental\\mergeDebugResources\\merged.dir\\values-v25\\values-v25.xml",
            "map": [
                {
                    "source": "C:\\Users\\user\\.gradle\\caches\\transforms-2\\files-2.1\\ef8a364a6a39421e69c96cf68eeb3e63\\appcompat-1.1.0\\res\\values-v25\\values-v25.xml",
                    "from": {
                        "startLines": "2,3,4,6",
                        "startColumns": "4,4,4,4",
                        "startOffsets": "55,126,209,308",
                        "endLines": "2,3,5,7",
                        "endColumns": "70,82,12,12",
                        "endOffsets": "121,204,303,414"
                    }
                }
            ]
        }
    ]
}