{
    "logs": [
        {
            "outputFile": "C:\\Users\\user\\AndroidStudioProjects\\mainproject\\app\\build\\intermediates\\incremental\\mergeDebugResources\\merged.dir\\values-sv\\values-sv.xml",
            "map": [
                {
                    "source": "C:\\Users\\user\\.gradle\\caches\\transforms-2\\files-2.1\\34b4ab0d8b65ac74ddd00d45b26dd963\\core-1.1.0\\res\\values-sv\\values-sv.xml",
                    "from": {
                        "startLines": "2",
                        "startColumns": "4",
                        "startOffsets": "55",
                        "endColumns": "100",
                        "endOffsets": "151"
                    },
                    "to": {
                        "startLines": "30",
                        "startColumns": "4",
                        "startOffsets": "2857",
                        "endColumns": "100",
                        "endOffsets": "2953"
                    }
                },
                {
                    "source": "C:\\Users\\user\\.gradle\\caches\\transforms-2\\files-2.1\\ef8a364a6a39421e69c96cf68eeb3e63\\appcompat-1.1.0\\res\\values-sv\\values-sv.xml",
                    "from": {
                        "startLines": "2,3,4,5,6,7,8,9,10,11,12,13,14,15,16,17,18,19,20,21,22,23,24,25,26,27,28,29",
                        "startColumns": "4,4,4,4,4,4,4,4,4,4,4,4,4,4,4,4,4,4,4,4,4,4,4,4,4,4,4,4",
                        "startOffsets": "105,208,311,422,506,608,721,798,874,967,1061,1156,1250,1353,1448,1545,1643,1739,1832,1911,2017,2116,2212,2317,2420,2522,2676,2778",
                        "endColumns": "102,102,110,83,101,112,76,75,92,93,94,93,102,94,96,97,95,92,78,105,98,95,104,102,101,153,101,78",
                        "endOffsets": "203,306,417,501,603,716,793,869,962,1056,1151,1245,1348,1443,1540,1638,1734,1827,1906,2012,2111,2207,2312,2415,2517,2671,2773,2852"
                    }
                }
            ]
        }
    ]
}