{
    "logs": [
        {
            "outputFile": "C:\\Users\\user\\AndroidStudioProjects\\mainproject\\app\\build\\intermediates\\incremental\\mergeDebugResources\\merged.dir\\values-et\\values-et.xml",
            "map": [
                {
                    "source": "C:\\Users\\user\\.gradle\\caches\\transforms-2\\files-2.1\\ef8a364a6a39421e69c96cf68eeb3e63\\appcompat-1.1.0\\res\\values-et\\values-et.xml",
                    "from": {
                        "startLines": "2,3,4,5,6,7,8,9,10,11,12,13,14,15,16,17,18,19,20,21,22,23,24,25,26,27,28,29",
                        "startColumns": "4,4,4,4,4,4,4,4,4,4,4,4,4,4,4,4,4,4,4,4,4,4,4,4,4,4,4,4",
                        "startOffsets": "105,211,310,421,507,609,726,807,885,977,1070,1166,1268,1378,1472,1573,1667,1759,1852,1934,2045,2149,2248,2358,2460,2559,2725,2827",
                        "endColumns": "105,98,110,85,101,116,80,77,91,92,95,101,109,93,100,93,91,92,81,110,103,98,109,101,98,165,101,81",
                        "endOffsets": "206,305,416,502,604,721,802,880,972,1065,1161,1263,1373,1467,1568,1662,1754,1847,1929,2040,2144,2243,2353,2455,2554,2720,2822,2904"
                    }
                },
                {
                    "source": "C:\\Users\\user\\.gradle\\caches\\transforms-2\\files-2.1\\34b4ab0d8b65ac74ddd00d45b26dd963\\core-1.1.0\\res\\values-et\\values-et.xml",
                    "from": {
                        "startLines": "2",
                        "startColumns": "4",
                        "startOffsets": "55",
                        "endColumns": "100",
                        "endOffsets": "151"
                    },
                    "to": {
                        "startLines": "30",
                        "startColumns": "4",
                        "startOffsets": "2909",
                        "endColumns": "100",
                        "endOffsets": "3005"
                    }
                }
            ]
        }
    ]
}