{
    "logs": [
        {
            "outputFile": "C:\\Users\\user\\AndroidStudioProjects\\mainproject\\app\\build\\intermediates\\incremental\\mergeDebugResources\\merged.dir\\values-es-rUS\\values-es-rUS.xml",
            "map": [
                {
                    "source": "C:\\Users\\user\\.gradle\\caches\\transforms-2\\files-2.1\\ef8a364a6a39421e69c96cf68eeb3e63\\appcompat-1.1.0\\res\\values-es-rUS\\values-es-rUS.xml",
                    "from": {
                        "startLines": "2,3,4,5,6,7,8,9,10,11,12,13,14,15,16,17,18,19,20,21,22,23,24,25,26,27,28,29",
                        "startColumns": "4,4,4,4,4,4,4,4,4,4,4,4,4,4,4,4,4,4,4,4,4,4,4,4,4,4,4,4",
                        "startOffsets": "105,225,334,442,527,629,745,830,911,1002,1094,1189,1283,1383,1476,1575,1671,1762,1853,1934,2041,2140,2239,2347,2455,2562,2721,2821",
                        "endColumns": "119,108,107,84,101,115,84,80,90,91,94,93,99,92,98,95,90,90,80,106,98,98,107,107,106,158,99,81",
                        "endOffsets": "220,329,437,522,624,740,825,906,997,1089,1184,1278,1378,1471,1570,1666,1757,1848,1929,2036,2135,2234,2342,2450,2557,2716,2816,2898"
                    }
                },
                {
                    "source": "C:\\Users\\user\\.gradle\\caches\\transforms-2\\files-2.1\\34b4ab0d8b65ac74ddd00d45b26dd963\\core-1.1.0\\res\\values-es-rUS\\values-es-rUS.xml",
                    "from": {
                        "startLines": "2",
                        "startColumns": "4",
                        "startOffsets": "55",
                        "endColumns": "100",
                        "endOffsets": "151"
                    },
                    "to": {
                        "startLines": "30",
                        "startColumns": "4",
                        "startOffsets": "2903",
                        "endColumns": "100",
                        "endOffsets": "2999"
                    }
                }
            ]
        }
    ]
}