{
    "logs": [
        {
            "outputFile": "C:\\Users\\user\\AndroidStudioProjects\\mainproject\\app\\build\\intermediates\\incremental\\mergeDebugResources\\merged.dir\\values-watch-v21\\values-watch-v21.xml",
            "map": [
                {
                    "source": "C:\\Users\\user\\.gradle\\caches\\transforms-2\\files-2.1\\ef8a364a6a39421e69c96cf68eeb3e63\\appcompat-1.1.0\\res\\values-watch-v21\\values-watch-v21.xml",
                    "from": {
                        "startLines": "2,6,10",
                        "startColumns": "4,4,4",
                        "startOffsets": "55,271,499",
                        "endLines": "5,9,13",
                        "endColumns": "12,12,12",
                        "endOffsets": "266,494,724"
                    }
                }
            ]
        }
    ]
}