[
    {
        "merged": "C:\\Users\\user\\AndroidStudioProjects\\mainproject\\app\\build\\intermediates\\res\\merged\\debug\\mipmap-xxhdpi_img02.png.flat",
        "source": "C:\\Users\\user\\AndroidStudioProjects\\mainproject\\app\\src\\main\\res\\mipmap-xxhdpi\\img02.png"
    },
    {
        "merged": "C:\\Users\\user\\AndroidStudioProjects\\mainproject\\app\\build\\intermediates\\res\\merged\\debug\\mipmap-xxhdpi_bg2.png.flat",
        "source": "C:\\Users\\user\\AndroidStudioProjects\\mainproject\\app\\src\\main\\res\\mipmap-xxhdpi\\bg2.png"
    },
    {
        "merged": "C:\\Users\\user\\AndroidStudioProjects\\mainproject\\app\\build\\intermediates\\res\\merged\\debug\\layout_plant.xml.flat",
        "source": "C:\\Users\\user\\AndroidStudioProjects\\mainproject\\app\\src\\main\\res\\layout\\plant.xml"
    },
    {
        "merged": "C:\\Users\\user\\AndroidStudioProjects\\mainproject\\app\\build\\intermediates\\res\\merged\\debug\\mipmap-xxhdpi_btree.PNG.flat",
        "source": "C:\\Users\\user\\AndroidStudioProjects\\mainproject\\app\\src\\main\\res\\mipmap-xxhdpi\\btree.PNG"
    },
    {
        "merged": "C:\\Users\\user\\AndroidStudioProjects\\mainproject\\app\\build\\intermediates\\res\\merged\\debug\\mipmap-xxhdpi_img09.png.flat",
        "source": "C:\\Users\\user\\AndroidStudioProjects\\mainproject\\app\\src\\main\\res\\mipmap-xxhdpi\\img09.png"
    },
    {
        "merged": "C:\\Users\\user\\AndroidStudioProjects\\mainproject\\app\\build\\intermediates\\res\\merged\\debug\\transition_explode_anim.xml.flat",
        "source": "C:\\Users\\user\\AndroidStudioProjects\\mainproject\\app\\src\\main\\res\\transition\\explode_anim.xml"
    },
    {
        "merged": "C:\\Users\\user\\AndroidStudioProjects\\mainproject\\app\\build\\intermediates\\res\\merged\\debug\\mipmap-xxhdpi_rulebg.png.flat",
        "source": "C:\\Users\\user\\AndroidStudioProjects\\mainproject\\app\\src\\main\\res\\mipmap-xxhdpi\\rulebg.png"
    },
    {
        "merged": "C:\\Users\\user\\AndroidStudioProjects\\mainproject\\app\\build\\intermediates\\res\\merged\\debug\\mipmap-mdpi_ic_launcher.png.flat",
        "source": "C:\\Users\\user\\AndroidStudioProjects\\mainproject\\app\\src\\main\\res\\mipmap-mdpi\\ic_launcher.png"
    },
    {
        "merged": "C:\\Users\\user\\AndroidStudioProjects\\mainproject\\app\\build\\intermediates\\res\\merged\\debug\\mipmap-xxhdpi_ic_launcher_round.png.flat",
        "source": "C:\\Users\\user\\AndroidStudioProjects\\mainproject\\app\\src\\main\\res\\mipmap-xxhdpi\\ic_launcher_round.png"
    },
    {
        "merged": "C:\\Users\\user\\AndroidStudioProjects\\mainproject\\app\\build\\intermediates\\res\\merged\\debug\\mipmap-xxhdpi_img05.png.flat",
        "source": "C:\\Users\\user\\AndroidStudioProjects\\mainproject\\app\\src\\main\\res\\mipmap-xxhdpi\\img05.png"
    },
    {
        "merged": "C:\\Users\\user\\AndroidStudioProjects\\mainproject\\app\\build\\intermediates\\res\\merged\\debug\\mipmap-hdpi_ic_launcher_round.png.flat",
        "source": "C:\\Users\\user\\AndroidStudioProjects\\mainproject\\app\\src\\main\\res\\mipmap-hdpi\\ic_launcher_round.png"
    },
    {
        "merged": "C:\\Users\\user\\AndroidStudioProjects\\mainproject\\app\\build\\intermediates\\res\\merged\\debug\\mipmap-xxhdpi_rulebg4.png.flat",
        "source": "C:\\Users\\user\\AndroidStudioProjects\\mainproject\\app\\src\\main\\res\\mipmap-xxhdpi\\rulebg4.png"
    },
    {
        "merged": "C:\\Users\\user\\AndroidStudioProjects\\mainproject\\app\\build\\intermediates\\res\\merged\\debug\\drawable-v24_ic_launcher_foreground.xml.flat",
        "source": "C:\\Users\\user\\AndroidStudioProjects\\mainproject\\app\\src\\main\\res\\drawable-v24\\ic_launcher_foreground.xml"
    },
    {
        "merged": "C:\\Users\\user\\AndroidStudioProjects\\mainproject\\app\\build\\intermediates\\res\\merged\\debug\\mipmap-hdpi_ic_launcher.png.flat",
        "source": "C:\\Users\\user\\AndroidStudioProjects\\mainproject\\app\\src\\main\\res\\mipmap-hdpi\\ic_launcher.png"
    },
    {
        "merged": "C:\\Users\\user\\AndroidStudioProjects\\mainproject\\app\\build\\intermediates\\res\\merged\\debug\\mipmap-xxhdpi_img03.png.flat",
        "source": "C:\\Users\\user\\AndroidStudioProjects\\mainproject\\app\\src\\main\\res\\mipmap-xxhdpi\\img03.png"
    },
    {
        "merged": "C:\\Users\\user\\AndroidStudioProjects\\mainproject\\app\\build\\intermediates\\res\\merged\\debug\\drawable_button1.xml.flat",
        "source": "C:\\Users\\user\\AndroidStudioProjects\\mainproject\\app\\src\\main\\res\\drawable\\button1.xml"
    },
    {
        "merged": "C:\\Users\\user\\AndroidStudioProjects\\mainproject\\app\\build\\intermediates\\res\\merged\\debug\\drawable_ic_launcher_background.xml.flat",
        "source": "C:\\Users\\user\\AndroidStudioProjects\\mainproject\\app\\src\\main\\res\\drawable\\ic_launcher_background.xml"
    },
    {
        "merged": "C:\\Users\\user\\AndroidStudioProjects\\mainproject\\app\\build\\intermediates\\res\\merged\\debug\\mipmap-xxhdpi_seed.png.flat",
        "source": "C:\\Users\\user\\AndroidStudioProjects\\mainproject\\app\\src\\main\\res\\mipmap-xxhdpi\\seed.png"
    },
    {
        "merged": "C:\\Users\\user\\AndroidStudioProjects\\mainproject\\app\\build\\intermediates\\res\\merged\\debug\\mipmap-xxhdpi_stree.PNG.flat",
        "source": "C:\\Users\\user\\AndroidStudioProjects\\mainproject\\app\\src\\main\\res\\mipmap-xxhdpi\\stree.PNG"
    },
    {
        "merged": "C:\\Users\\user\\AndroidStudioProjects\\mainproject\\app\\build\\intermediates\\res\\merged\\debug\\mipmap-xxhdpi_rulebg3.png.flat",
        "source": "C:\\Users\\user\\AndroidStudioProjects\\mainproject\\app\\src\\main\\res\\mipmap-xxhdpi\\rulebg3.png"
    },
    {
        "merged": "C:\\Users\\user\\AndroidStudioProjects\\mainproject\\app\\build\\intermediates\\res\\merged\\debug\\mipmap-xxhdpi_ic_launcher.png.flat",
        "source": "C:\\Users\\user\\AndroidStudioProjects\\mainproject\\app\\src\\main\\res\\mipmap-xxhdpi\\ic_launcher.png"
    },
    {
        "merged": "C:\\Users\\user\\AndroidStudioProjects\\mainproject\\app\\build\\intermediates\\res\\merged\\debug\\layout_activity_main2.xml.flat",
        "source": "C:\\Users\\user\\AndroidStudioProjects\\mainproject\\app\\src\\main\\res\\layout\\activity_main2.xml"
    },
    {
        "merged": "C:\\Users\\user\\AndroidStudioProjects\\mainproject\\app\\build\\intermediates\\res\\merged\\debug\\drawable_duce1.jpg.flat",
        "source": "C:\\Users\\user\\AndroidStudioProjects\\mainproject\\app\\src\\main\\res\\drawable\\duce1.jpg"
    },
    {
        "merged": "C:\\Users\\user\\AndroidStudioProjects\\mainproject\\app\\build\\intermediates\\res\\merged\\debug\\drawable_button.xml.flat",
        "source": "C:\\Users\\user\\AndroidStudioProjects\\mainproject\\app\\src\\main\\res\\drawable\\button.xml"
    },
    {
        "merged": "C:\\Users\\user\\AndroidStudioProjects\\mainproject\\app\\build\\intermediates\\res\\merged\\debug\\mipmap-xxhdpi_img06.png.flat",
        "source": "C:\\Users\\user\\AndroidStudioProjects\\mainproject\\app\\src\\main\\res\\mipmap-xxhdpi\\img06.png"
    },
    {
        "merged": "C:\\Users\\user\\AndroidStudioProjects\\mainproject\\app\\build\\intermediates\\res\\merged\\debug\\mipmap-xhdpi_ic_launcher.png.flat",
        "source": "C:\\Users\\user\\AndroidStudioProjects\\mainproject\\app\\src\\main\\res\\mipmap-xhdpi\\ic_launcher.png"
    },
    {
        "merged": "C:\\Users\\user\\AndroidStudioProjects\\mainproject\\app\\build\\intermediates\\res\\merged\\debug\\mipmap-xxhdpi_points.png.flat",
        "source": "C:\\Users\\user\\AndroidStudioProjects\\mainproject\\app\\src\\main\\res\\mipmap-xxhdpi\\points.png"
    },
    {
        "merged": "C:\\Users\\user\\AndroidStudioProjects\\mainproject\\app\\build\\intermediates\\res\\merged\\debug\\layout_shaket.xml.flat",
        "source": "C:\\Users\\user\\AndroidStudioProjects\\mainproject\\app\\src\\main\\res\\layout\\shaket.xml"
    },
    {
        "merged": "C:\\Users\\user\\AndroidStudioProjects\\mainproject\\app\\build\\intermediates\\res\\merged\\debug\\mipmap-xxhdpi_img04.png.flat",
        "source": "C:\\Users\\user\\AndroidStudioProjects\\mainproject\\app\\src\\main\\res\\mipmap-xxhdpi\\img04.png"
    },
    {
        "merged": "C:\\Users\\user\\AndroidStudioProjects\\mainproject\\app\\build\\intermediates\\res\\merged\\debug\\mipmap-xhdpi_ic_launcher_round.png.flat",
        "source": "C:\\Users\\user\\AndroidStudioProjects\\mainproject\\app\\src\\main\\res\\mipmap-xhdpi\\ic_launcher_round.png"
    },
    {
        "merged": "C:\\Users\\user\\AndroidStudioProjects\\mainproject\\app\\build\\intermediates\\res\\merged\\debug\\mipmap-xxhdpi_rulebg2.png.flat",
        "source": "C:\\Users\\user\\AndroidStudioProjects\\mainproject\\app\\src\\main\\res\\mipmap-xxhdpi\\rulebg2.png"
    },
    {
        "merged": "C:\\Users\\user\\AndroidStudioProjects\\mainproject\\app\\build\\intermediates\\res\\merged\\debug\\mipmap-xxhdpi_tree.png.flat",
        "source": "C:\\Users\\user\\AndroidStudioProjects\\mainproject\\app\\src\\main\\res\\mipmap-xxhdpi\\tree.png"
    },
    {
        "merged": "C:\\Users\\user\\AndroidStudioProjects\\mainproject\\app\\build\\intermediates\\res\\merged\\debug\\mipmap-xxhdpi_img07.png.flat",
        "source": "C:\\Users\\user\\AndroidStudioProjects\\mainproject\\app\\src\\main\\res\\mipmap-xxhdpi\\img07.png"
    },
    {
        "merged": "C:\\Users\\user\\AndroidStudioProjects\\mainproject\\app\\build\\intermediates\\res\\merged\\debug\\drawable_trash.png.flat",
        "source": "C:\\Users\\user\\AndroidStudioProjects\\mainproject\\app\\src\\main\\res\\drawable\\trash.png"
    },
    {
        "merged": "C:\\Users\\user\\AndroidStudioProjects\\mainproject\\app\\build\\intermediates\\res\\merged\\debug\\layout_activity_main.xml.flat",
        "source": "C:\\Users\\user\\AndroidStudioProjects\\mainproject\\app\\src\\main\\res\\layout\\activity_main.xml"
    },
    {
        "merged": "C:\\Users\\user\\AndroidStudioProjects\\mainproject\\app\\build\\intermediates\\res\\merged\\debug\\mipmap-xxhdpi_rulebg1.png.flat",
        "source": "C:\\Users\\user\\AndroidStudioProjects\\mainproject\\app\\src\\main\\res\\mipmap-xxhdpi\\rulebg1.png"
    },
    {
        "merged": "C:\\Users\\user\\AndroidStudioProjects\\mainproject\\app\\build\\intermediates\\res\\merged\\debug\\mipmap-mdpi_ic_launcher_round.png.flat",
        "source": "C:\\Users\\user\\AndroidStudioProjects\\mainproject\\app\\src\\main\\res\\mipmap-mdpi\\ic_launcher_round.png"
    },
    {
        "merged": "C:\\Users\\user\\AndroidStudioProjects\\mainproject\\app\\build\\intermediates\\res\\merged\\debug\\drawable_duce2.jpg.flat",
        "source": "C:\\Users\\user\\AndroidStudioProjects\\mainproject\\app\\src\\main\\res\\drawable\\duce2.jpg"
    },
    {
        "merged": "C:\\Users\\user\\AndroidStudioProjects\\mainproject\\app\\build\\intermediates\\res\\merged\\debug\\mipmap-xxhdpi_img00.png.flat",
        "source": "C:\\Users\\user\\AndroidStudioProjects\\mainproject\\app\\src\\main\\res\\mipmap-xxhdpi\\img00.png"
    },
    {
        "merged": "C:\\Users\\user\\AndroidStudioProjects\\mainproject\\app\\build\\intermediates\\res\\merged\\debug\\mipmap-xxxhdpi_ic_launcher_round.png.flat",
        "source": "C:\\Users\\user\\AndroidStudioProjects\\mainproject\\app\\src\\main\\res\\mipmap-xxxhdpi\\ic_launcher_round.png"
    },
    {
        "merged": "C:\\Users\\user\\AndroidStudioProjects\\mainproject\\app\\build\\intermediates\\res\\merged\\debug\\mipmap-xxxhdpi_ic_launcher.png.flat",
        "source": "C:\\Users\\user\\AndroidStudioProjects\\mainproject\\app\\src\\main\\res\\mipmap-xxxhdpi\\ic_launcher.png"
    },
    {
        "merged": "C:\\Users\\user\\AndroidStudioProjects\\mainproject\\app\\build\\intermediates\\res\\merged\\debug\\transition_zoom_exit.xml.flat",
        "source": "C:\\Users\\user\\AndroidStudioProjects\\mainproject\\app\\src\\main\\res\\transition\\zoom_exit.xml"
    },
    {
        "merged": "C:\\Users\\user\\AndroidStudioProjects\\mainproject\\app\\build\\intermediates\\res\\merged\\debug\\mipmap-xxhdpi_background.jpg.flat",
        "source": "C:\\Users\\user\\AndroidStudioProjects\\mainproject\\app\\src\\main\\res\\mipmap-xxhdpi\\background.jpg"
    },
    {
        "merged": "C:\\Users\\user\\AndroidStudioProjects\\mainproject\\app\\build\\intermediates\\res\\merged\\debug\\drawable_box.png.flat",
        "source": "C:\\Users\\user\\AndroidStudioProjects\\mainproject\\app\\src\\main\\res\\drawable\\box.png"
    },
    {
        "merged": "C:\\Users\\user\\AndroidStudioProjects\\mainproject\\app\\build\\intermediates\\res\\merged\\debug\\layout_trash.xml.flat",
        "source": "C:\\Users\\user\\AndroidStudioProjects\\mainproject\\app\\src\\main\\res\\layout\\trash.xml"
    },
    {
        "merged": "C:\\Users\\user\\AndroidStudioProjects\\mainproject\\app\\build\\intermediates\\res\\merged\\debug\\drawable_nbike.png.flat",
        "source": "C:\\Users\\user\\AndroidStudioProjects\\mainproject\\app\\src\\main\\res\\drawable\\nbike.png"
    },
    {
        "merged": "C:\\Users\\user\\AndroidStudioProjects\\mainproject\\app\\build\\intermediates\\res\\merged\\debug\\mipmap-xxhdpi_background1.png.flat",
        "source": "C:\\Users\\user\\AndroidStudioProjects\\mainproject\\app\\src\\main\\res\\mipmap-xxhdpi\\background1.png"
    },
    {
        "merged": "C:\\Users\\user\\AndroidStudioProjects\\mainproject\\app\\build\\intermediates\\res\\merged\\debug\\drawable_rulebg.jpg.flat",
        "source": "C:\\Users\\user\\AndroidStudioProjects\\mainproject\\app\\src\\main\\res\\drawable\\rulebg.jpg"
    },
    {
        "merged": "C:\\Users\\user\\AndroidStudioProjects\\mainproject\\app\\build\\intermediates\\res\\merged\\debug\\mipmap-xxhdpi_duce3.jpg.flat",
        "source": "C:\\Users\\user\\AndroidStudioProjects\\mainproject\\app\\src\\main\\res\\mipmap-xxhdpi\\duce3.jpg"
    },
    {
        "merged": "C:\\Users\\user\\AndroidStudioProjects\\mainproject\\app\\build\\intermediates\\res\\merged\\debug\\mipmap-xxhdpi_img08.png.flat",
        "source": "C:\\Users\\user\\AndroidStudioProjects\\mainproject\\app\\src\\main\\res\\mipmap-xxhdpi\\img08.png"
    },
    {
        "merged": "C:\\Users\\user\\AndroidStudioProjects\\mainproject\\app\\build\\intermediates\\res\\merged\\debug\\mipmap-xxhdpi_ocean.png.flat",
        "source": "C:\\Users\\user\\AndroidStudioProjects\\mainproject\\app\\src\\main\\res\\mipmap-xxhdpi\\ocean.png"
    },
    {
        "merged": "C:\\Users\\user\\AndroidStudioProjects\\mainproject\\app\\build\\intermediates\\res\\merged\\debug\\mipmap-anydpi-v26_ic_launcher.xml.flat",
        "source": "C:\\Users\\user\\AndroidStudioProjects\\mainproject\\app\\src\\main\\res\\mipmap-anydpi-v26\\ic_launcher.xml"
    },
    {
        "merged": "C:\\Users\\user\\AndroidStudioProjects\\mainproject\\app\\build\\intermediates\\res\\merged\\debug\\mipmap-xxhdpi_player.png.flat",
        "source": "C:\\Users\\user\\AndroidStudioProjects\\mainproject\\app\\src\\main\\res\\mipmap-xxhdpi\\player.png"
    },
    {
        "merged": "C:\\Users\\user\\AndroidStudioProjects\\mainproject\\app\\build\\intermediates\\res\\merged\\debug\\mipmap-anydpi-v26_ic_launcher_round.xml.flat",
        "source": "C:\\Users\\user\\AndroidStudioProjects\\mainproject\\app\\src\\main\\res\\mipmap-anydpi-v26\\ic_launcher_round.xml"
    },
    {
        "merged": "C:\\Users\\user\\AndroidStudioProjects\\mainproject\\app\\build\\intermediates\\res\\merged\\debug\\layout_question.xml.flat",
        "source": "C:\\Users\\user\\AndroidStudioProjects\\mainproject\\app\\src\\main\\res\\layout\\question.xml"
    },
    {
        "merged": "C:\\Users\\user\\AndroidStudioProjects\\mainproject\\app\\build\\intermediates\\res\\merged\\debug\\mipmap-xxhdpi_img01.png.flat",
        "source": "C:\\Users\\user\\AndroidStudioProjects\\mainproject\\app\\src\\main\\res\\mipmap-xxhdpi\\img01.png"
    },
    {
        "merged": "C:\\Users\\user\\AndroidStudioProjects\\mainproject\\app\\build\\intermediates\\res\\merged\\debug\\drawable_start.JPG.flat",
        "source": "C:\\Users\\user\\AndroidStudioProjects\\mainproject\\app\\src\\main\\res\\drawable\\start.JPG"
    }
]